t,i_sn,x_sn,U_sn,P_0,P_sn
0.0010000000,110,5.5010000000,0.0000000000,30.0005832012,30.0005832012
0.0021000000,110,5.5010000017,0.0000015551,30.0012247359,30.0012218004
0.0033100000,110,5.5010000057,0.0000032657,30.0019304395,30.0019207285
0.0046410000,110,5.5010000125,0.0000051474,30.0027067322,30.0026852833
0.0061051000,110,5.5010000231,0.0000072174,30.0035606768,30.0035211399
