t,i_sn,x_sn,U_sn,P_0,P_sn
0.0000000100,172,0.0860000100,0.0000000000,30000583.2011859827,29999639.3810019717
0.0000000772,172,0.0860000100,0.0000000000,30004500.0398470536,29999639.3810019717
0.0000001853,172,0.0860000100,0.0000000000,30010809.1978242397,29999639.3810019717
0.0000003595,172,0.0860000100,0.0000000000,30020972.8842490762,29999639.3810019717
0.0000006054,172,0.0860000100,0.0000000000,30035329.8008278236,29999639.3810019717
