t,i_sn,x_sn,U_sn,P_0,P_sn
0.0000000109,110,0.0550001000,0.0000000000,30000385.1963542178,27000000.0000000000
0.0000000222,110,0.0550001000,0.0000000000,30000784.1148224771,27000000.0000000000
