t,i_sn,x_sn,U_sn,P_0,P_sn
0.0010000000,110,5.5010000000,0.0000000000,30.0005760597,30.0005760597
0.0021000000,110,5.5010000017,0.0000015551,30.0012097374,29.7417425085
