t,i_sn,x_sn,U_sn,P_0,P_sn
0.0000100502,1000,5.0000000000,0.0000000000,30508183.1714493483,100128.4698638907
0.0000200502,1000,5.0000000000,0.0000000000,31022588.2678021528,100128.4697659140
