t,i_sn,x_sn,U_sn,P_0,P_sn
0.0000000100,110,0.0550001000,0.0000000000,30000352.8006844483,30000352.8006844483
