t,i_sn,x_sn,U_sn,P_0,P_sn
0.0000100169,451,0.2255000000,0.0000000000,30000000.0000000000,100000.0000000000
0.0000200591,451,0.2255000000,0.0000000000,30000000.0000000000,100000.0000000000
0.0000301130,451,0.2255000000,0.0000000000,30000000.0000000000,100000.0000000000
0.0000401199,451,0.2255000000,0.0000000000,30000000.0000000000,100000.0000000000
0.0000501427,451,0.2255000000,0.0000000000,30000000.0000000000,100000.0000000000
0.0000601435,451,0.2255000000,0.0000000000,30000000.0000000000,100000.0000000000
0.0000701846,451,0.2255000000,0.0000000000,30000000.0000000000,100000.0000000000
