t,i_sn,x_sn,U_sn,P_0,P_sn
0.0000100384,376,0.9400027169,0.5196668737,30338490.4762405865,30282535.6659378074
0.0000200384,376,0.9400105331,1.0416009434,30679577.9710000418,30506320.6808714271
0.0000300384,376,0.9400235875,1.5672846314,31024597.3400801495,30725065.4172360078
0.0000400384,376,0.9400419180,2.0968293562,31373596.1196165308,30956474.3798495606
